report,category,terminal,gate,metric,time_slot,sample_n,mmss,seconds
1차,신분확인,T1,2번출국장,P95,전체,19825,0:02:02,122
1차,신분확인,T1,2번출국장,P95,06시~07시,2037,0:01:57,117
1차,신분확인,T1,2번출국장,P95,07시~08시,2091,0:02:28,148
1차,신분확인,T1,2번출국장,P95,08시~09시,2421,0:02:42,162
1차,신분확인,T1,2번출국장,P95,09시~10시,2015,0:03:02,182
1차,신분확인,T1,2번출국장,P95,10시~11시,1395,0:03:12,192
1차,신분확인,T1,2번출국장,P95,13시~14시,2117,0:01:01,61
1차,신분확인,T1,2번출국장,P95,14시~15시,2162,0:01:04,64
1차,신분확인,T1,2번출국장,P95,15시~16시,1896,0:02:05,125
1차,신분확인,T1,2번출국장,P95,16시~17시,1945,0:02:26,146
1차,신분확인,T1,2번출국장,P95,17시~18시,1746,0:01:19,79
1차,신분확인,T1,3번출국장,P95,전체,19825,0:02:44,164
1차,신분확인,T1,3번출국장,P95,06시~07시,2037,0:01:10,70
1차,신분확인,T1,3번출국장,P95,07시~08시,2091,0:01:17,77
1차,신분확인,T1,3번출국장,P95,08시~09시,2421,0:02:27,147
1차,신분확인,T1,3번출국장,P95,09시~10시,2015,0:05:02,302
1차,신분확인,T1,3번출국장,P95,10시~11시,1395,0:07:30,450
1차,신분확인,T1,3번출국장,P95,13시~14시,2117,0:01:20,80
1차,신분확인,T1,3번출국장,P95,14시~15시,2162,0:03:44,224
1차,신분확인,T1,3번출국장,P95,15시~16시,1896,0:03:02,182
1차,신분확인,T1,3번출국장,P95,16시~17시,1945,0:00:47,47
1차,신분확인,T1,3번출국장,P95,17시~18시,1746,0:01:15,75
1차,신분확인,T1,4번출국장,P95,전체,19825,0:03:57,237
1차,신분확인,T1,4번출국장,P95,06시~07시,2037,0:01:28,88
1차,신분확인,T1,4번출국장,P95,07시~08시,2091,0:01:29,89
1차,신분확인,T1,4번출국장,P95,08시~09시,2421,0:01:09,69
1차,신분확인,T1,4번출국장,P95,09시~10시,2015,0:08:48,528
1차,신분확인,T1,4번출국장,P95,10시~11시,1395,0:16:29,989
1차,신분확인,T1,4번출국장,P95,13시~14시,2117,0:05:55,355
1차,신분확인,T1,4번출국장,P95,14시~15시,2162,0:01:34,94
1차,신분확인,T1,4번출국장,P95,15시~16시,1896,0:02:19,139
1차,신분확인,T1,4번출국장,P95,16시~17시,1945,0:01:06,66
1차,신분확인,T1,4번출국장,P95,17시~18시,1746,0:01:04,64
1차,신분확인,T1,5번출국장,P95,전체,19825,0:04:11,251
1차,신분확인,T1,5번출국장,P95,06시~07시,2037,0:04:23,263
1차,신분확인,T1,5번출국장,P95,07시~08시,2091,0:02:51,171
1차,신분확인,T1,5번출국장,P95,08시~09시,2421,0:04:26,266
1차,신분확인,T1,5번출국장,P95,09시~10시,2015,0:05:32,332
1차,신분확인,T1,5번출국장,P95,10시~11시,1395,0:14:05,845
1차,신분확인,T1,5번출국장,P95,13시~14시,2117,0:09:11,551
1차,신분확인,T1,5번출국장,P95,14시~15시,2162,0:01:59,119
1차,신분확인,T1,5번출국장,P95,15시~16시,1896,0:00:57,57
1차,신분확인,T1,5번출국장,P95,16시~17시,1945,0:01:11,71
1차,신분확인,T1,5번출국장,P95,17시~18시,1746,0:01:57,117
1차,신분확인,T2,1번출국장,P95,전체,19825,0:16:42,1002
1차,신분확인,T2,1번출국장,P95,06시~07시,2037,0:20:35,1235
1차,신분확인,T2,1번출국장,P95,07시~08시,2091,0:25:03,1503
1차,신분확인,T2,1번출국장,P95,08시~09시,2421,0:07:59,479
1차,신분확인,T2,1번출국장,P95,09시~10시,2015,0:02:06,126
1차,신분확인,T2,1번출국장,P95,10시~11시,1395,0:03:27,207
1차,신분확인,T2,1번출국장,P95,13시~14시,2117,0:05:41,341
1차,신분확인,T2,1번출국장,P95,14시~15시,2162,0:17:02,1022
1차,신분확인,T2,1번출국장,P95,15시~16시,1896,0:25:06,1506
1차,신분확인,T2,1번출국장,P95,16시~17시,1945,0:18:37,1117
1차,신분확인,T2,1번출국장,P95,17시~18시,1746,0:04:17,257
1차,신분확인,T2,2번출국장,P95,전체,19825,0:09:42,582
1차,신분확인,T2,2번출국장,P95,06시~07시,2037,0:12:04,724
1차,신분확인,T2,2번출국장,P95,07시~08시,2091,0:10:30,630
1차,신분확인,T2,2번출국장,P95,08시~09시,2421,0:01:47,107
1차,신분확인,T2,2번출국장,P95,09시~10시,2015,0:02:12,132
1차,신분확인,T2,2번출국장,P95,10시~11시,1395,0:07:20,440
1차,신분확인,T2,2번출국장,P95,13시~14시,2117,0:02:13,133
1차,신분확인,T2,2번출국장,P95,14시~15시,2162,0:04:00,240
1차,신분확인,T2,2번출국장,P95,15시~16시,1896,0:14:54,894
1차,신분확인,T2,2번출국장,P95,16시~17시,1945,0:18:02,1082
1차,신분확인,T2,2번출국장,P95,17시~18시,1746,0:10:26,626
1차,신분확인,T1,2번출국장,평균,전체,19825,0:00:36,36
1차,신분확인,T1,2번출국장,평균,06시~07시,2037,0:00:41,41
1차,신분확인,T1,2번출국장,평균,07시~08시,2091,0:00:47,47
1차,신분확인,T1,2번출국장,평균,08시~09시,2421,0:00:48,48
1차,신분확인,T1,2번출국장,평균,09시~10시,2015,0:00:48,48
1차,신분확인,T1,2번출국장,평균,10시~11시,1395,0:00:46,46
1차,신분확인,T1,2번출국장,평균,13시~14시,2117,0:00:19,19
1차,신분확인,T1,2번출국장,평균,14시~15시,2162,0:00:20,20
1차,신분확인,T1,2번출국장,평균,15시~16시,1896,0:00:33,33
1차,신분확인,T1,2번출국장,평균,16시~17시,1945,0:00:36,36
1차,신분확인,T1,2번출국장,평균,17시~18시,1746,0:00:26,26
1차,신분확인,T1,3번출국장,평균,전체,19825,0:00:38,38
1차,신분확인,T1,3번출국장,평균,06시~07시,2037,0:00:26,26
1차,신분확인,T1,3번출국장,평균,07시~08시,2091,0:00:28,28
1차,신분확인,T1,3번출국장,평균,08시~09시,2421,0:00:33,33
1차,신분확인,T1,3번출국장,평균,09시~10시,2015,0:01:19,79
1차,신분확인,T1,3번출국장,평균,10시~11시,1395,0:01:38,98
1차,신분확인,T1,3번출국장,평균,13시~14시,2117,0:00:26,26
1차,신분확인,T1,3번출국장,평균,14시~15시,2162,0:00:47,47
1차,신분확인,T1,3번출국장,평균,15시~16시,1896,0:00:37,37
1차,신분확인,T1,3번출국장,평균,16시~17시,1945,0:00:14,14
1차,신분확인,T1,3번출국장,평균,17시~18시,1746,0:00:23,23
1차,신분확인,T1,4번출국장,평균,전체,19825,0:00:58,58
1차,신분확인,T1,4번출국장,평균,06시~07시,2037,0:00:32,32
1차,신분확인,T1,4번출국장,평균,07시~08시,2091,0:00:29,29
1차,신분확인,T1,4번출국장,평균,08시~09시,2421,0:00:28,28
1차,신분확인,T1,4번출국장,평균,09시~10시,2015,0:02:18,138
1차,신분확인,T1,4번출국장,평균,10시~11시,1395,0:05:55,355
1차,신분확인,T1,4번출국장,평균,13시~14시,2117,0:01:27,87
1차,신분확인,T1,4번출국장,평균,14시~15시,2162,0:00:28,28
1차,신분확인,T1,4번출국장,평균,15시~16시,1896,0:00:38,38
1차,신분확인,T1,4번출국장,평균,16시~17시,1945,0:00:23,23
1차,신분확인,T1,4번출국장,평균,17시~18시,1746,0:00:22,22
1차,신분확인,T1,5번출국장,평균,전체,19825,0:00:57,57
1차,신분확인,T1,5번출국장,평균,06시~07시,2037,0:01:08,68
1차,신분확인,T1,5번출국장,평균,07시~08시,2091,0:00:54,54
1차,신분확인,T1,5번출국장,평균,08시~09시,2421,0:01:02,62
1차,신분확인,T1,5번출국장,평균,09시~10시,2015,0:01:24,84
1차,신분확인,T1,5번출국장,평균,10시~11시,1395,0:02:54,174
1차,신분확인,T1,5번출국장,평균,13시~14시,2117,0:01:26,86
1차,신분확인,T1,5번출국장,평균,14시~15시,2162,0:00:30,30
1차,신분확인,T1,5번출국장,평균,15시~16시,1896,0:00:21,21
1차,신분확인,T1,5번출국장,평균,16시~17시,1945,0:00:23,23
1차,신분확인,T1,5번출국장,평균,17시~18시,1746,0:00:39,39
1차,신분확인,T2,1번출국장,평균,전체,19825,0:03:23,203
1차,신분확인,T2,1번출국장,평균,06시~07시,2037,0:09:03,543
1차,신분확인,T2,1번출국장,평균,07시~08시,2091,0:07:13,433
1차,신분확인,T2,1번출국장,평균,08시~09시,2421,0:01:41,101
1차,신분확인,T2,1번출국장,평균,09시~10시,2015,0:00:38,38
1차,신분확인,T2,1번출국장,평균,10시~11시,1395,0:00:55,55
1차,신분확인,T2,1번출국장,평균,13시~14시,2117,0:01:32,92
1차,신분확인,T2,1번출국장,평균,14시~15시,2162,0:04:30,270
1차,신분확인,T2,1번출국장,평균,15시~16시,1896,0:07:53,473
1차,신분확인,T2,1번출국장,평균,16시~17시,1945,0:05:12,312
1차,신분확인,T2,1번출국장,평균,17시~18시,1746,0:01:12,72
1차,신분확인,T2,2번출국장,평균,전체,19825,0:01:44,104
1차,신분확인,T2,2번출국장,평균,06시~07시,2037,0:03:38,218
1차,신분확인,T2,2번출국장,평균,07시~08시,2091,0:02:14,134
1차,신분확인,T2,2번출국장,평균,08시~09시,2421,0:00:35,35
1차,신분확인,T2,2번출국장,평균,09시~10시,2015,0:00:33,33
1차,신분확인,T2,2번출국장,평균,10시~11시,1395,0:01:30,90
1차,신분확인,T2,2번출국장,평균,13시~14시,2117,0:00:38,38
1차,신분확인,T2,2번출국장,평균,14시~15시,2162,0:00:51,51
1차,신분확인,T2,2번출국장,평균,15시~16시,1896,0:02:51,171
1차,신분확인,T2,2번출국장,평균,16시~17시,1945,0:04:35,275
1차,신분확인,T2,2번출국장,평균,17시~18시,1746,0:01:58,118
1차,보안검색,T1,2번출국장,P95,전체,2387,0:07:56,476
1차,보안검색,T1,2번출국장,P95,06시~07시,196,0:06:49,409
1차,보안검색,T1,2번출국장,P95,07시~08시,223,0:11:13,673
1차,보안검색,T1,2번출국장,P95,08시~09시,225,0:09:01,541
1차,보안검색,T1,2번출국장,P95,09시~10시,266,0:10:49,649
1차,보안검색,T1,2번출국장,P95,10시~11시,187,0:07:18,438
1차,보안검색,T1,2번출국장,P95,13시~14시,289,0:03:14,194
1차,보안검색,T1,2번출국장,P95,14시~15시,294,0:04:44,284
1차,보안검색,T1,2번출국장,P95,15시~16시,249,0:04:40,280
1차,보안검색,T1,2번출국장,P95,16시~17시,274,0:06:31,391
1차,보안검색,T1,2번출국장,P95,17시~18시,184,0:03:47,227
1차,보안검색,T1,3번출국장,P95,전체,2387,0:08:58,538
1차,보안검색,T1,3번출국장,P95,06시~07시,196,0:04:10,250
1차,보안검색,T1,3번출국장,P95,07시~08시,223,0:05:43,343
1차,보안검색,T1,3번출국장,P95,08시~09시,225,0:10:00,600
1차,보안검색,T1,3번출국장,P95,09시~10시,266,0:07:28,448
1차,보안검색,T1,3번출국장,P95,10시~11시,187,0:09:00,540
1차,보안검색,T1,3번출국장,P95,13시~14시,289,0:09:03,543
1차,보안검색,T1,3번출국장,P95,14시~15시,294,0:09:08,548
1차,보안검색,T1,3번출국장,P95,15시~16시,249,0:09:20,560
1차,보안검색,T1,3번출국장,P95,16시~17시,274,0:11:28,688
1차,보안검색,T1,3번출국장,P95,17시~18시,184,0:05:09,309
1차,보안검색,T1,4번출국장,P95,전체,2387,0:10:05,605
1차,보안검색,T1,4번출국장,P95,06시~07시,196,0:04:11,251
1차,보안검색,T1,4번출국장,P95,07시~08시,223,0:05:16,316
1차,보안검색,T1,4번출국장,P95,08시~09시,225,0:06:02,362
1차,보안검색,T1,4번출국장,P95,09시~10시,266,0:12:19,739
1차,보안검색,T1,4번출국장,P95,10시~11시,187,0:12:19,739
1차,보안검색,T1,4번출국장,P95,13시~14시,289,0:10:36,636
1차,보안검색,T1,4번출국장,P95,14시~15시,294,0:06:30,390
1차,보안검색,T1,4번출국장,P95,15시~16시,249,0:10:05,605
1차,보안검색,T1,4번출국장,P95,16시~17시,274,0:05:04,304
1차,보안검색,T1,4번출국장,P95,17시~18시,184,0:03:30,210
1차,보안검색,T1,5번출국장,P95,전체,2387,0:09:53,593
1차,보안검색,T1,5번출국장,P95,06시~07시,196,0:09:05,545
1차,보안검색,T1,5번출국장,P95,07시~08시,223,0:06:10,370
1차,보안검색,T1,5번출국장,P95,08시~09시,225,0:08:13,493
1차,보안검색,T1,5번출국장,P95,09시~10시,266,0:11:38,698
1차,보안검색,T1,5번출국장,P95,10시~11시,187,0:11:43,703
1차,보안검색,T1,5번출국장,P95,13시~14시,289,0:11:00,660
1차,보안검색,T1,5번출국장,P95,14시~15시,294,0:05:51,351
1차,보안검색,T1,5번출국장,P95,15시~16시,249,0:09:32,572
1차,보안검색,T1,5번출국장,P95,16시~17시,274,0:05:22,322
1차,보안검색,T1,5번출국장,P95,17시~18시,184,0:04:36,276
1차,보안검색,T2,1번출국장,P95,전체,2387,0:24:52,1492
1차,보안검색,T2,1번출국장,P95,06시~07시,196,0:20:09,1209
1차,보안검색,T2,1번출국장,P95,07시~08시,223,0:19:59,1199
1차,보안검색,T2,1번출국장,P95,08시~09시,225,0:22:35,1355
1차,보안검색,T2,1번출국장,P95,09시~10시,266,0:06:51,411
1차,보안검색,T2,1번출국장,P95,10시~11시,187,0:06:24,384
1차,보안검색,T2,1번출국장,P95,13시~14시,289,0:17:39,1059
1차,보안검색,T2,1번출국장,P95,14시~15시,294,0:37:10,2230
1차,보안검색,T2,1번출국장,P95,15시~16시,249,0:45:27,2727
1차,보안검색,T2,1번출국장,P95,16시~17시,274,0:22:39,1359
1차,보안검색,T2,1번출국장,P95,17시~18시,184,0:14:51,891
1차,보안검색,T2,2번출국장,P95,전체,2387,0:21:22,1282
1차,보안검색,T2,2번출국장,P95,06시~07시,196,0:11:23,683
1차,보안검색,T2,2번출국장,P95,07시~08시,223,0:17:08,1028
1차,보안검색,T2,2번출국장,P95,08시~09시,225,0:14:26,866
1차,보안검색,T2,2번출국장,P95,09시~10시,266,0:07:30,450
1차,보안검색,T2,2번출국장,P95,10시~11시,187,0:10:44,644
1차,보안검색,T2,2번출국장,P95,13시~14시,289,0:06:30,390
1차,보안검색,T2,2번출국장,P95,14시~15시,294,0:15:17,917
1차,보안검색,T2,2번출국장,P95,15시~16시,249,0:21:21,1281
1차,보안검색,T2,2번출국장,P95,16시~17시,274,0:27:04,1624
1차,보안검색,T2,2번출국장,P95,17시~18시,184,0:22:06,1326
1차,보안검색,T1,2번출국장,평균,전체,2387,0:03:12,192
1차,보안검색,T1,2번출국장,평균,06시~07시,196,0:03:10,190
1차,보안검색,T1,2번출국장,평균,07시~08시,223,0:04:52,292
1차,보안검색,T1,2번출국장,평균,08시~09시,225,0:05:36,336
1차,보안검색,T1,2번출국장,평균,09시~10시,266,0:03:39,219
1차,보안검색,T1,2번출국장,평균,10시~11시,187,0:02:52,172
1차,보안검색,T1,2번출국장,평균,13시~14시,289,0:02:04,124
1차,보안검색,T1,2번출국장,평균,14시~15시,294,0:02:17,137
1차,보안검색,T1,2번출국장,평균,15시~16시,249,0:02:47,167
1차,보안검색,T1,2번출국장,평균,16시~17시,274,0:03:54,234
1차,보안검색,T1,2번출국장,평균,17시~18시,184,0:02:17,137
1차,보안검색,T1,3번출국장,평균,전체,2387,0:03:53,233
1차,보안검색,T1,3번출국장,평균,06시~07시,196,0:02:39,159
1차,보안검색,T1,3번출국장,평균,07시~08시,223,0:03:11,191
1차,보안검색,T1,3번출국장,평균,08시~09시,225,0:05:15,315
1차,보안검색,T1,3번출국장,평균,09시~10시,266,0:04:56,296
1차,보안검색,T1,3번출국장,평균,10시~11시,187,0:04:24,264
1차,보안검색,T1,3번출국장,평균,13시~14시,289,0:04:04,244
1차,보안검색,T1,3번출국장,평균,14시~15시,294,0:04:01,241
1차,보안검색,T1,3번출국장,평균,15시~16시,249,0:04:48,288
1차,보안검색,T1,3번출국장,평균,16시~17시,274,0:03:36,216
1차,보안검색,T1,3번출국장,평균,17시~18시,184,0:03:13,193
1차,보안검색,T1,4번출국장,평균,전체,2387,0:03:59,239
1차,보안검색,T1,4번출국장,평균,06시~07시,196,0:02:17,137
1차,보안검색,T1,4번출국장,평균,07시~08시,223,0:02:36,156
1차,보안검색,T1,4번출국장,평균,08시~09시,225,0:03:06,186
1차,보안검색,T1,4번출국장,평균,09시~10시,266,0:06:38,398
1차,보안검색,T1,4번출국장,평균,10시~11시,187,0:07:10,430
1차,보안검색,T1,4번출국장,평균,13시~14시,289,0:05:28,328
1차,보안검색,T1,4번출국장,평균,14시~15시,294,0:03:04,184
1차,보안검색,T1,4번출국장,평균,15시~16시,249,0:05:01,301
1차,보안검색,T1,4번출국장,평균,16시~17시,274,0:02:56,176
1차,보안검색,T1,4번출국장,평균,17시~18시,184,0:02:35,155
1차,보안검색,T1,5번출국장,평균,전체,2387,0:03:56,236
1차,보안검색,T1,5번출국장,평균,06시~07시,196,0:04:34,274
1차,보안검색,T1,5번출국장,평균,07시~08시,223,0:03:38,218
1차,보안검색,T1,5번출국장,평균,08시~09시,225,0:04:10,250
1차,보안검색,T1,5번출국장,평균,09시~10시,266,0:05:29,329
1차,보안검색,T1,5번출국장,평균,10시~11시,187,0:04:45,285
1차,보안검색,T1,5번출국장,평균,13시~14시,289,0:06:49,409
1차,보안검색,T1,5번출국장,평균,14시~15시,294,0:02:46,166
1차,보안검색,T1,5번출국장,평균,15시~16시,249,0:03:37,217
1차,보안검색,T1,5번출국장,평균,16시~17시,274,0:02:39,159
1차,보안검색,T1,5번출국장,평균,17시~18시,184,0:02:35,155
1차,보안검색,T2,1번출국장,평균,전체,2387,0:09:57,597
1차,보안검색,T2,1번출국장,평균,06시~07시,196,0:10:21,621
1차,보안검색,T2,1번출국장,평균,07시~08시,223,0:09:22,562
1차,보안검색,T2,1번출국장,평균,08시~09시,225,0:09:40,580
1차,보안검색,T2,1번출국장,평균,09시~10시,266,0:04:02,242
1차,보안검색,T2,1번출국장,평균,10시~11시,187,0:03:19,199
1차,보안검색,T2,1번출국장,평균,13시~14시,289,0:09:37,577
1차,보안검색,T2,1번출국장,평균,14시~15시,294,0:17:23,1043
1차,보안검색,T2,1번출국장,평균,15시~16시,249,0:17:32,1052
1차,보안검색,T2,1번출국장,평균,16시~17시,274,0:10:49,649
1차,보안검색,T2,1번출국장,평균,17시~18시,184,0:07:39,459
1차,보안검색,T2,2번출국장,평균,전체,2387,0:07:01,421
1차,보안검색,T2,2번출국장,평균,06시~07시,196,0:06:49,409
1차,보안검색,T2,2번출국장,평균,07시~08시,223,0:07:56,476
1차,보안검색,T2,2번출국장,평균,08시~09시,225,0:03:44,224
1차,보안검색,T2,2번출국장,평균,09시~10시,266,0:03:48,228
1차,보안검색,T2,2번출국장,평균,10시~11시,187,0:05:08,308
1차,보안검색,T2,2번출국장,평균,13시~14시,289,0:03:57,237
1차,보안검색,T2,2번출국장,평균,14시~15시,294,0:06:15,375
1차,보안검색,T2,2번출국장,평균,15시~16시,249,0:09:50,590
1차,보안검색,T2,2번출국장,평균,16시~17시,274,0:13:25,805
1차,보안검색,T2,2번출국장,평균,17시~18시,184,0:10:41,641
2차,신분확인,T1,2번출국장,P95,전체,12256,0:10:07,607
2차,신분확인,T1,2번출국장,P95,06시~07시,1231,0:04:36,276
2차,신분확인,T1,2번출국장,P95,07시~08시,1352,0:04:24,264
2차,신분확인,T1,2번출국장,P95,08시~09시,1314,0:08:30,510
2차,신분확인,T1,2번출국장,P95,09시~10시,1303,0:10:07,607
2차,신분확인,T1,2번출국장,P95,10시~11시,1092,0:07:34,454
2차,신분확인,T1,2번출국장,P95,13시~14시,1302,0:06:11,371
2차,신분확인,T1,2번출국장,P95,14시~15시,1196,0:01:35,95
2차,신분확인,T1,2번출국장,P95,15시~16시,1204,0:02:47,167
2차,신분확인,T1,2번출국장,P95,16시~17시,1204,0:03:02,182
2차,신분확인,T1,2번출국장,P95,17시~18시,1058,0:01:20,80
2차,신분확인,T1,3번출국장,P95,전체,12256,0:17:57,1077
2차,신분확인,T1,3번출국장,P95,06시~07시,1231,0:09:07,547
2차,신분확인,T1,3번출국장,P95,07시~08시,1352,0:08:52,532
2차,신분확인,T1,3번출국장,P95,08시~09시,1314,0:16:40,1000
2차,신분확인,T1,3번출국장,P95,09시~10시,1303,0:16:41,1001
2차,신분확인,T1,3번출국장,P95,10시~11시,1092,0:11:59,719
2차,신분확인,T1,3번출국장,P95,13시~14시,1302,0:17:57,1077
2차,신분확인,T1,3번출국장,P95,14시~15시,1196,0:09:00,540
2차,신분확인,T1,3번출국장,P95,15시~16시,1204,0:04:35,275
2차,신분확인,T1,3번출국장,P95,16시~17시,1204,0:07:14,434
2차,신분확인,T1,3번출국장,P95,17시~18시,1058,0:05:15,315
2차,신분확인,T1,4번출국장,P95,전체,12256,0:40:27,2427
2차,신분확인,T1,4번출국장,P95,06시~07시,1231,0:05:44,344
2차,신분확인,T1,4번출국장,P95,07시~08시,1352,0:01:41,101
2차,신분확인,T1,4번출국장,P95,08시~09시,1314,0:10:28,628
2차,신분확인,T1,4번출국장,P95,09시~10시,1303,0:40:27,2427
2차,신분확인,T1,4번출국장,P95,10시~11시,1092,0:12:34,754
2차,신분확인,T1,4번출국장,P95,13시~14시,1302,0:24:01,1441
2차,신분확인,T1,4번출국장,P95,14시~15시,1196,0:18:02,1082
2차,신분확인,T1,4번출국장,P95,15시~16시,1204,0:04:17,257
2차,신분확인,T1,4번출국장,P95,16시~17시,1204,0:02:35,155
2차,신분확인,T1,4번출국장,P95,17시~18시,1058,0:02:17,137
2차,신분확인,T1,5번출국장,P95,전체,12256,0:21:58,1318
2차,신분확인,T1,5번출국장,P95,06시~07시,1231,0:09:43,583
2차,신분확인,T1,5번출국장,P95,07시~08시,1352,0:02:38,158
2차,신분확인,T1,5번출국장,P95,08시~09시,1314,0:03:48,228
2차,신분확인,T1,5번출국장,P95,09시~10시,1303,0:18:32,1112
2차,신분확인,T1,5번출국장,P95,10시~11시,1092,0:21:58,1318
2차,신분확인,T1,5번출국장,P95,13시~14시,1302,0:16:10,970
2차,신분확인,T1,5번출국장,P95,14시~15시,1196,0:08:23,503
2차,신분확인,T1,5번출국장,P95,15시~16시,1204,0:01:51,111
2차,신분확인,T1,5번출국장,P95,16시~17시,1204,0:03:05,185
2차,신분확인,T1,5번출국장,P95,17시~18시,1058,0:02:17,137
2차,신분확인,T2,1번출국장,P95,전체,12256,0:34:46,2086
2차,신분확인,T2,1번출국장,P95,06시~07시,1231,0:34:46,2086
2차,신분확인,T2,1번출국장,P95,07시~08시,1352,0:21:00,1260
2차,신분확인,T2,1번출국장,P95,08시~09시,1314,0:09:56,596
2차,신분확인,T2,1번출국장,P95,09시~10시,1303,0:04:01,241
2차,신분확인,T2,1번출국장,P95,10시~11시,1092,0:06:11,371
2차,신분확인,T2,1번출국장,P95,13시~14시,1302,0:24:00,1440
2차,신분확인,T2,1번출국장,P95,14시~15시,1196,0:19:58,1198
2차,신분확인,T2,1번출국장,P95,15시~16시,1204,0:20:47,1247
2차,신분확인,T2,1번출국장,P95,16시~17시,1204,0:09:10,550
2차,신분확인,T2,1번출국장,P95,17시~18시,1058,0:06:50,410
2차,신분확인,T2,2번출국장,P95,전체,12256,0:18:50,1130
2차,신분확인,T2,2번출국장,P95,06시~07시,1231,0:14:02,842
2차,신분확인,T2,2번출국장,P95,07시~08시,1352,0:09:13,553
2차,신분확인,T2,2번출국장,P95,08시~09시,1314,0:02:55,175
2차,신분확인,T2,2번출국장,P95,09시~10시,1303,0:17:49,1069
2차,신분확인,T2,2번출국장,P95,10시~11시,1092,0:18:50,1130
2차,신분확인,T2,2번출국장,P95,13시~14시,1302,0:11:27,687
2차,신분확인,T2,2번출국장,P95,14시~15시,1196,0:10:06,606
2차,신분확인,T2,2번출국장,P95,15시~16시,1204,0:03:18,198
2차,신분확인,T2,2번출국장,P95,16시~17시,1204,0:07:42,462
2차,신분확인,T2,2번출국장,P95,17시~18시,1058,0:12:42,762
2차,신분확인,T1,2번출국장,평균,전체,12256,0:01:40,100
2차,신분확인,T1,2번출국장,평균,06시~07시,1231,0:03:04,184
2차,신분확인,T1,2번출국장,평균,07시~08시,1352,0:01:18,78
2차,신분확인,T1,2번출국장,평균,08시~09시,1314,0:03:06,186
2차,신분확인,T1,2번출국장,평균,09시~10시,1303,0:01:13,73
2차,신분확인,T1,2번출국장,평균,10시~11시,1092,0:01:57,117
2차,신분확인,T1,2번출국장,평균,13시~14시,1302,0:04:01,241
2차,신분확인,T1,2번출국장,평균,14시~15시,1196,0:00:45,45
2차,신분확인,T1,2번출국장,평균,15시~16시,1204,0:01:23,83
2차,신분확인,T1,2번출국장,평균,16시~17시,1204,0:01:24,84
2차,신분확인,T1,2번출국장,평균,17시~18시,1058,0:00:37,37
2차,신분확인,T1,3번출국장,평균,전체,12256,0:06:28,388
2차,신분확인,T1,3번출국장,평균,06시~07시,1231,0:03:29,209
2차,신분확인,T1,3번출국장,평균,07시~08시,1352,0:05:06,306
2차,신분확인,T1,3번출국장,평균,08시~09시,1314,0:04:24,264
2차,신분확인,T1,3번출국장,평균,09시~10시,1303,0:09:39,579
2차,신분확인,T1,3번출국장,평균,10시~11시,1092,0:09:19,559
2차,신분확인,T1,3번출국장,평균,13시~14시,1302,0:11:37,697
2차,신분확인,T1,3번출국장,평균,14시~15시,1196,0:01:28,88
2차,신분확인,T1,3번출국장,평균,15시~16시,1204,0:01:41,101
2차,신분확인,T1,3번출국장,평균,16시~17시,1204,0:01:24,84
2차,신분확인,T1,3번출국장,평균,17시~18시,1058,0:01:45,105
2차,신분확인,T1,4번출국장,평균,전체,12256,0:10:05,605
2차,신분확인,T1,4번출국장,평균,06시~07시,1231,0:02:24,144
2차,신분확인,T1,4번출국장,평균,07시~08시,1352,0:00:59,59
2차,신분확인,T1,4번출국장,평균,08시~09시,1314,0:04:18,258
2차,신분확인,T1,4번출국장,평균,09시~10시,1303,0:14:18,858
2차,신분확인,T1,4번출국장,평균,10시~11시,1092,0:10:21,621
2차,신분확인,T1,4번출국장,평균,13시~14시,1302,0:15:44,944
2차,신분확인,T1,4번출국장,평균,14시~15시,1196,0:12:12,732
2차,신분확인,T1,4번출국장,평균,15시~16시,1204,0:01:46,106
2차,신분확인,T1,4번출국장,평균,16시~17시,1204,0:01:01,61
2차,신분확인,T1,4번출국장,평균,17시~18시,1058,0:01:09,69
2차,신분확인,T1,5번출국장,평균,전체,12256,0:05:31,331
2차,신분확인,T1,5번출국장,평균,06시~07시,1231,0:05:03,303
2차,신분확인,T1,5번출국장,평균,07시~08시,1352,0:01:09,69
2차,신분확인,T1,5번출국장,평균,08시~09시,1314,0:02:39,159
2차,신분확인,T1,5번출국장,평균,09시~10시,1303,0:06:45,405
2차,신분확인,T1,5번출국장,평균,10시~11시,1092,0:15:12,912
2차,신분확인,T1,5번출국장,평균,13시~14시,1302,0:12:45,765
2차,신분확인,T1,5번출국장,평균,14시~15시,1196,0:01:49,109
2차,신분확인,T1,5번출국장,평균,15시~16시,1204,0:01:18,78
2차,신분확인,T1,5번출국장,평균,16시~17시,1204,0:01:08,68
2차,신분확인,T1,5번출국장,평균,17시~18시,1058,0:01:12,72
2차,신분확인,T2,1번출국장,평균,전체,12256,0:06:21,381
2차,신분확인,T2,1번출국장,평균,06시~07시,1231,0:17:12,1032
2차,신분확인,T2,1번출국장,평균,07시~08시,1352,0:09:07,547
2차,신분확인,T2,1번출국장,평균,08시~09시,1314,0:04:45,285
2차,신분확인,T2,1번출국장,평균,09시~10시,1303,0:01:48,108
2차,신분확인,T2,1번출국장,평균,10시~11시,1092,0:02:16,136
2차,신분확인,T2,1번출국장,평균,13시~14시,1302,0:02:40,160
2차,신분확인,T2,1번출국장,평균,14시~15시,1196,0:06:56,416
2차,신분확인,T2,1번출국장,평균,15시~16시,1204,0:07:09,429
2차,신분확인,T2,1번출국장,평균,16시~17시,1204,0:03:54,234
2차,신분확인,T2,1번출국장,평균,17시~18시,1058,0:03:39,219
2차,신분확인,T2,2번출국장,평균,전체,12256,0:03:56,236
2차,신분확인,T2,2번출국장,평균,06시~07시,1231,0:08:04,484
2차,신분확인,T2,2번출국장,평균,07시~08시,1352,0:04:49,289
2차,신분확인,T2,2번출국장,평균,08시~09시,1314,0:01:03,63
2차,신분확인,T2,2번출국장,평균,09시~10시,1303,0:02:39,159
2차,신분확인,T2,2번출국장,평균,10시~11시,1092,0:03:56,236
2차,신분확인,T2,2번출국장,평균,13시~14시,1302,0:03:36,216
2차,신분확인,T2,2번출국장,평균,14시~15시,1196,0:05:40,340
2차,신분확인,T2,2번출국장,평균,15시~16시,1204,0:01:33,93
2차,신분확인,T2,2번출국장,평균,16시~17시,1204,0:02:41,161
2차,신분확인,T2,2번출국장,평균,17시~18시,1058,0:04:59,299
2차,보안검색,T1,2번출국장,P95,전체,2343,0:06:14,374
2차,보안검색,T1,2번출국장,P95,06시~07시,241,0:05:52,352
2차,보안검색,T1,2번출국장,P95,07시~08시,244,0:05:58,358
2차,보안검색,T1,2번출국장,P95,08시~09시,225,0:05:51,351
2차,보안검색,T1,2번출국장,P95,09시~10시,244,0:06:08,368
2차,보안검색,T1,2번출국장,P95,10시~11시,205,0:06:14,374
2차,보안검색,T1,2번출국장,P95,13시~14시,261,0:07:23,443
2차,보안검색,T1,2번출국장,P95,14시~15시,245,0:07:24,444
2차,보안검색,T1,2번출국장,P95,15시~16시,233,0:04:03,243
2차,보안검색,T1,2번출국장,P95,16시~17시,235,0:03:22,202
2차,보안검색,T1,2번출국장,P95,17시~18시,210,0:03:14,194
2차,보안검색,T1,3번출국장,P95,전체,2343,0:11:09,669
2차,보안검색,T1,3번출국장,P95,06시~07시,241,0:06:20,380
2차,보안검색,T1,3번출국장,P95,07시~08시,244,0:10:36,636
2차,보안검색,T1,3번출국장,P95,08시~09시,225,0:08:15,495
2차,보안검색,T1,3번출국장,P95,09시~10시,244,0:11:12,672
2차,보안검색,T1,3번출국장,P95,10시~11시,205,0:12:59,779
2차,보안검색,T1,3번출국장,P95,13시~14시,261,0:15:17,917
2차,보안검색,T1,3번출국장,P95,14시~15시,245,0:08:27,507
2차,보안검색,T1,3번출국장,P95,15시~16시,233,0:04:55,295
2차,보안검색,T1,3번출국장,P95,16시~17시,235,0:09:57,597
2차,보안검색,T1,3번출국장,P95,17시~18시,210,0:07:36,456
2차,보안검색,T1,4번출국장,P95,전체,2343,0:08:27,507
2차,보안검색,T1,4번출국장,P95,06시~07시,241,0:05:07,307
2차,보안검색,T1,4번출국장,P95,07시~08시,244,0:04:14,254
2차,보안검색,T1,4번출국장,P95,08시~09시,225,0:05:12,312
2차,보안검색,T1,4번출국장,P95,09시~10시,244,0:12:03,723
2차,보안검색,T1,4번출국장,P95,10시~11시,205,0:09:09,549
2차,보안검색,T1,4번출국장,P95,13시~14시,261,0:07:51,471
2차,보안검색,T1,4번출국장,P95,14시~15시,245,0:08:25,505
2차,보안검색,T1,4번출국장,P95,15시~16시,233,0:09:28,568
2차,보안검색,T1,4번출국장,P95,16시~17시,235,0:06:39,399
2차,보안검색,T1,4번출국장,P95,17시~18시,210,0:05:14,314
2차,보안검색,T1,5번출국장,P95,전체,2343,0:09:40,580
2차,보안검색,T1,5번출국장,P95,06시~07시,241,0:07:07,427
2차,보안검색,T1,5번출국장,P95,07시~08시,244,0:03:43,223
2차,보안검색,T1,5번출국장,P95,08시~09시,225,0:07:18,438
2차,보안검색,T1,5번출국장,P95,09시~10시,244,0:11:09,669
2차,보안검색,T1,5번출국장,P95,10시~11시,205,0:11:10,670
2차,보안검색,T1,5번출국장,P95,13시~14시,261,0:15:27,927
2차,보안검색,T1,5번출국장,P95,14시~15시,245,0:09:44,584
2차,보안검색,T1,5번출국장,P95,15시~16시,233,0:09:19,559
2차,보안검색,T1,5번출국장,P95,16시~17시,235,0:02:57,177
2차,보안검색,T1,5번출국장,P95,17시~18시,210,0:04:21,261
2차,보안검색,T2,1번출국장,P95,전체,2343,0:15:04,904
2차,보안검색,T2,1번출국장,P95,06시~07시,241,0:20:54,1254
2차,보안검색,T2,1번출국장,P95,07시~08시,244,0:14:41,881
2차,보안검색,T2,1번출국장,P95,08시~09시,225,0:33:12,1992
2차,보안검색,T2,1번출국장,P95,09시~10시,244,0:07:08,428
2차,보안검색,T2,1번출국장,P95,10시~11시,205,0:04:45,285
2차,보안검색,T2,1번출국장,P95,13시~14시,261,0:12:28,748
2차,보안검색,T2,1번출국장,P95,14시~15시,245,0:18:42,1122
2차,보안검색,T2,1번출국장,P95,15시~16시,233,0:16:30,990
2차,보안검색,T2,1번출국장,P95,16시~17시,235,0:10:39,639
2차,보안검색,T2,1번출국장,P95,17시~18시,210,0:10:28,628
2차,보안검색,T2,2번출국장,P95,전체,2343,0:07:23,443
2차,보안검색,T2,2번출국장,P95,06시~07시,241,0:08:56,536
2차,보안검색,T2,2번출국장,P95,07시~08시,244,0:08:28,508
2차,보안검색,T2,2번출국장,P95,08시~09시,225,0:04:41,281
2차,보안검색,T2,2번출국장,P95,09시~10시,244,0:06:58,418
2차,보안검색,T2,2번출국장,P95,10시~11시,205,0:06:30,390
2차,보안검색,T2,2번출국장,P95,13시~14시,261,0:06:41,401
2차,보안검색,T2,2번출국장,P95,14시~15시,245,0:09:14,554
2차,보안검색,T2,2번출국장,P95,15시~16시,233,0:05:34,334
2차,보안검색,T2,2번출국장,P95,16시~17시,235,0:06:58,418
2차,보안검색,T2,2번출국장,P95,17시~18시,210,0:09:22,562
2차,보안검색,T1,2번출국장,평균,전체,2343,0:02:58,178
2차,보안검색,T1,2번출국장,평균,06시~07시,241,0:02:53,173
2차,보안검색,T1,2번출국장,평균,07시~08시,244,0:02:55,175
2차,보안검색,T1,2번출국장,평균,08시~09시,225,0:03:11,191
2차,보안검색,T1,2번출국장,평균,09시~10시,244,0:03:18,198
2차,보안검색,T1,2번출국장,평균,10시~11시,205,0:02:44,164
2차,보안검색,T1,2번출국장,평균,13시~14시,261,0:04:22,262
2차,보안검색,T1,2번출국장,평균,14시~15시,245,0:02:53,173
2차,보안검색,T1,2번출국장,평균,15시~16시,233,0:02:34,154
2차,보안검색,T1,2번출국장,평균,16시~17시,235,0:02:21,141
2차,보안검색,T1,2번출국장,평균,17시~18시,210,0:02:09,129
2차,보안검색,T1,3번출국장,평균,전체,2343,0:04:26,266
2차,보안검색,T1,3번출국장,평균,06시~07시,241,0:03:14,194
2차,보안검색,T1,3번출국장,평균,07시~08시,244,0:05:01,301
2차,보안검색,T1,3번출국장,평균,08시~09시,225,0:04:30,270
2차,보안검색,T1,3번출국장,평균,09시~10시,244,0:05:35,335
2차,보안검색,T1,3번출국장,평균,10시~11시,205,0:06:39,399
2차,보안검색,T1,3번출국장,평균,13시~14시,261,0:06:05,365
2차,보안검색,T1,3번출국장,평균,14시~15시,245,0:04:02,242
2차,보안검색,T1,3번출국장,평균,15시~16시,233,0:02:37,157
2차,보안검색,T1,3번출국장,평균,16시~17시,235,0:04:22,262
2차,보안검색,T1,3번출국장,평균,17시~18시,210,0:03:18,198
2차,보안검색,T1,4번출국장,평균,전체,2343,0:03:36,216
2차,보안검색,T1,4번출국장,평균,06시~07시,241,0:02:46,166
2차,보안검색,T1,4번출국장,평균,07시~08시,244,0:02:27,147
2차,보안검색,T1,4번출국장,평균,08시~09시,225,0:03:04,184
2차,보안검색,T1,4번출국장,평균,09시~10시,244,0:04:33,273
2차,보안검색,T1,4번출국장,평균,10시~11시,205,0:04:42,282
2차,보안검색,T1,4번출국장,평균,13시~14시,261,0:03:38,218
2차,보안검색,T1,4번출국장,평균,14시~15시,245,0:04:26,266
2차,보안검색,T1,4번출국장,평균,15시~16시,233,0:03:52,232
2차,보안검색,T1,4번출국장,평균,16시~17시,235,0:03:41,221
2차,보안검색,T1,4번출국장,평균,17시~18시,210,0:02:54,174
2차,보안검색,T1,5번출국장,평균,전체,2343,0:03:42,222
2차,보안검색,T1,5번출국장,평균,06시~07시,241,0:03:16,196
2차,보안검색,T1,5번출국장,평균,07시~08시,244,0:02:25,145
2차,보안검색,T1,5번출국장,평균,08시~09시,225,0:04:09,249
2차,보안검색,T1,5번출국장,평균,09시~10시,244,0:05:14,314
2차,보안검색,T1,5번출국장,평균,10시~11시,205,0:04:57,297
2차,보안검색,T1,5번출국장,평균,13시~14시,261,0:05:24,324
2차,보안검색,T1,5번출국장,평균,14시~15시,245,0:04:02,242
2차,보안검색,T1,5번출국장,평균,15시~16시,233,0:03:26,206
2차,보안검색,T1,5번출국장,평균,16시~17시,235,0:01:55,115
2차,보안검색,T1,5번출국장,평균,17시~18시,210,0:02:16,136
2차,보안검색,T2,1번출국장,평균,전체,2343,0:05:21,321
2차,보안검색,T2,1번출국장,평균,06시~07시,241,0:06:53,413
2차,보안검색,T2,1번출국장,평균,07시~08시,244,0:06:34,394
2차,보안검색,T2,1번출국장,평균,08시~09시,225,0:07:55,475
2차,보안검색,T2,1번출국장,평균,09시~10시,244,0:03:38,218
2차,보안검색,T2,1번출국장,평균,10시~11시,205,0:03:02,182
2차,보안검색,T2,1번출국장,평균,13시~14시,261,0:04:41,281
2차,보안검색,T2,1번출국장,평균,14시~15시,245,0:05:32,332
2차,보안검색,T2,1번출국장,평균,15시~16시,233,0:06:18,378
2차,보안검색,T2,1번출국장,평균,16시~17시,235,0:04:13,253
2차,보안검색,T2,1번출국장,평균,17시~18시,210,0:05:28,328
2차,보안검색,T2,2번출국장,평균,전체,2343,0:03:40,220
2차,보안검색,T2,2번출국장,평균,06시~07시,241,0:04:12,252
2차,보안검색,T2,2번출국장,평균,07시~08시,244,0:04:16,256
2차,보안검색,T2,2번출국장,평균,08시~09시,225,0:02:49,169
2차,보안검색,T2,2번출국장,평균,09시~10시,244,0:03:25,205
2차,보안검색,T2,2번출국장,평균,10시~11시,205,0:03:48,228
2차,보안검색,T2,2번출국장,평균,13시~14시,261,0:03:28,208
2차,보안검색,T2,2번출국장,평균,14시~15시,245,0:04:18,258
2차,보안검색,T2,2번출국장,평균,15시~16시,233,0:03:00,180
2차,보안검색,T2,2번출국장,평균,16시~17시,235,0:03:19,199
2차,보안검색,T2,2번출국장,평균,17시~18시,210,0:04:05,245
